mingfu,mf/mingfurukou:mf/posuolu:mf/huangquanmiwu:mf/huangquanlu:mf/mingfudamen:mf/fushenglu:mf/zhuanshenglu:mf/shiwangdadian:mf/kunantongdao:mf/bahandiyu:mf/barediyu:mf/gududiyu:mf/daoshandiyu:mf/tiechuangdiyu:mf/bopidiyu:mf/chushengdiyu:mf/quchongdiyu:mf/zhuanlunwanggong:mf/yanluodian,jiangjunmu/dajiangjunlingershiceng
duwuguiyu,dwgy/duguirukou:dwgy/qinduchanglang:dwgy/guiwudiantang:dwgy/eguijianlao:dwgy/xingguilaofang:dwgy/duguilingyu:dwgy/heiduchi:dwgy/fushichi:dwgy/huashichi:dwgy/wanguku:dwgy/youhundating:dwgy/guiwangshimen:dwgy/yuanhunlingyu:dwgy/wanzhanghenyuan:dwgy/guiyuhanchi:dwgy/shuangxuelindi:dwgy/guiwulingyu:dwgy/xieyupingyuan:dwgy/guiwangdong,fushoushan/dijiaoershiceng
youlan,yl/huafutingyuan:yl/biyoulu:yl/yanghuating:yl/xihuating:yl/jinghualou:yl/feihuagudao:yl/wanzhulin:yl/zanghuadi:yl/wanhuazhong:yl/huahai,huangjiazhuang/pingyuandigu
lvxie,lvxie/diwazhaoze:lvxie/nijiangtulu:lvxie/lvyetongdao:lvxie/kongxue:lvxie/birichaoxue:lvxie/guludong:lvxie/dididarongdong:lvxie/shenxuehe:lvxie/xiexingtonglu:lvxie/chongchao,wugongdong/dushidi
jiaolong,jiaolong/huanghelongkoutan:jiaolong/huagangyanxue:jiaolong/jiaolongchaoxue:jiaolong/tiebidongxue:jiaolong/jinyanshimen:jiaolong/jinjiaoxue:jiaolong/mangshulin:jiaolong/taixianxiaolu:jiaolong/tianshugenxue:jiaolong/mujiaoxue:jiaolong/xiliujing:jiaolong/bingshuanggudi:jiaolong/diyudongxue:jiaolong/hanchi:jiaolong/binghuodijiao:jiaolong/nongyanrongdong:jiaolong/yanjianghedao:jiaolong/dihuoxue:jiaolong/huohaipubu:jiaolong/wudikendao:jiaolong/didishenfeng:jiaolong/liedixue:jiaolong/yuejingjin:jiaolong/rihuajin:jiaolong/wanlingzhong:jiaolong/hualindong:jiaolong/futiandatang:jiaolong/lunhuixiang:jiaolong/qitiandongxue:jiaolong/yangtiandong,muye/huanghean
bawangmoku,bwmk/mokurukou:bwmk/menglongwanjing:bwmk/dishuiyandongkou:bwmk/dishuiyandong:bwmk/qingtaihualu:bwmk/moshuikeng:bwmk/moshuixuanwo:bwmk/moshuiliu:bwmk/moshuigoujian:bwmk/huanghuxishui:bwmk/xiefengwanlu:bwmk/moxiaoxue:bwmk/yinlengshuijing:bwmk/anmushuiwu:bwmk/fubaishimen:bwmk/tanguxiaolu:bwmk/kulouxue:bwmk/shiyexilu:bwmk/xielinshilu:bwmk/mihuanwuyu:bwmk/mowangchaoxue,bawangbao/zhuzunge
lingranzhiyan_h,xinnian_fb/lingranzhiyan_h,xiqicheng/tiechuangxiang
hunfeizhijing_h,xinnian_fb/hunfeizhijing_h,xiqicheng/tiechuangxiang
posanzhidi_h,xinnian_fb/posanzhidi_h,xiqicheng/tiechuangxiang
lingranzhiyan_m,xinnian_fb/lingranzhiyan_m,chaogecheng/anlaocheng
hunfeizhijing_m,xinnian_fb/hunfeizhijing_m,chaogecheng/anlaocheng
posanzhidi_m,xinnian_fb/posanzhidi_m,chaogecheng/anlaocheng
huyaodong,huyaodong/jingyingpubu:huyaodong/huyaodongkou:huyaodong/shihuayanbi:huyaodong/milishuilu:huyaodong/pangraowanlu:huyaodong/yanfengxuan:huyaodong/guifushimen:huyaodong/yuanguishiku:huyaodong/qianyanshiqiang:huyaodong/guiwuxiang:huyaodong/guiyingchanglu:huyaodong/guimeige:huyaodong/xingchouanhe:huyaodong/guilingshimen:huyaodong/xiliuxi:huyaodong/biqingshuiwo:huyaodong/luohuaxi:huyaodong/qingtaishilu:huyaodong/linghugong,plshuige/yunmen
youanzhaoze,youanzhaoze/jingshuitan:youanzhaoze/wanyanshuilu:youanzhaoze/shichongzhaodi:youanzhaoze/taixianhuabi:youanzhaoze/youanxijian:youanzhaoze/youangu:youanzhaoze/shensuiangu:youanzhaoze/fuzaoqiantan:youanzhaoze/dixiannizhao:youanzhaoze/pobaishiban:youanzhaoze/youhuanmixi:youanzhaoze/youhuange:youanzhaoze/mihuanshuiwu:youanzhaoze/fushishijie:youanzhaoze/duxueshuitang:youanzhaoze/youlingpubu:youanzhaoze/chenzhongshimen:youanzhaoze/youlinggong,penglaihuanjing/yunshuipubu
yunshuixianjing,yunshuixianjing/yunhaichanglu:yunshuixianjing/yiyunmen:yunshuixianjing/yunlangyuwu:yunshuixianjing/yunlangge:yunshuixianjing/fanyunhai:yunshuixianjing/donghangu:yunshuixianjing/piaohuxiaolu:yunshuixianjing/rouyunjian:yunshuixianjing/wudishuilu:yunshuixianjing/fuyulu:yunshuixianjing/liuyungaotai:yunshuixianjing/tianmenyunhai:yunshuixianjing/piaoyulu:yunshuixianjing/niyuncaolu:yunshuixianjing/tongguxiaolu:yunshuixianjing/bifenggu:yunshuixianjing/liuyunpubu:yunshuixianjing/shuijingwangzuo,penglaihuanjing/yunyejiguang
yunraotiangong,yunraotiangong/yanyushuilian:yunraotiangong/yanyushimen:yunraotiangong/shihuayunlu:yunraotiangong/huaxiangxiaoxie:yunraotiangong/niaoyuyuan:yunraotiangong/xiannvge:yunraotiangong/tonglingchanglu:yunraotiangong/huanghumijing:yunraotiangong/yunhaipingyuan:yunraotiangong/tiangongjushimen:yunraotiangong/baiyuhuilang:yunraotiangong/xiangjinhuayuan:yunraotiangong/liujinpubu:yunraotiangong/tangyunge:yunraotiangong/xingyunxuanwo:yunraotiangong/xingchenchanglu:yunraotiangong/tiangongshijie:yunraotiangong/tiangongzhengdian,penglaihuanjing/yunshuiyeguang
