lingtu,cf_suibu|zj_qingpi,mx_mojinsi
linghu,cf_cumabu|zj_boshoupi,mx_mojinsi
lingmao,cf_huangmabu|zj_duanmaopi,mx_mojinsi
linghou,cf_yamabu|zj_zhenmaopi,mx_huaxuesi
lingshe,cf_mianmasha|zj_ruanshoupi,mx_huaxuesi
lingniu,cf_cumiansha|zj_shoujiapi,mx_raohunsi
milu,cf_chunmiansha|zj_renshoupi,mx_raohunsi
zongxiong,cf_miansichou|zj_rongmaopi,mx_tiancansi
xuelang,cf_baisichou|zj_sihuapi,mx_tiancansi
jinqianbao,cf_zhensichou|zj_youzhanpi,mx_tiancansi
maoniu,cf_cunirong|zj_yingjiapi,mx_chanbaosi
dujiaoxiniu,cf_changmaorong|zj_shoulinpi,mx_chanbaosi
cihu,cf_caijingrong|zj_yinmaopi,mx_chanbaosi
jinmaoshi,cf_huacaimianbu|zj_jushoujiapian,mx_shenvxiu
huwang,cf_jinsichouduan|zj_shouwanglin,mx_shenvxiu
tiejialong,cf_tiexiansha|zj_lieyingpi,mx_shenvxiu
